{
  "Profiles": [
    {
      "Name": "Snazzy Soft",
      "Guid": "snazzy-soft-profile-001",
      "Dynamic Profile Parent Name": "Default",
      "Background Color": {
        "Red Component": 0.15686270594596863,
        "Green Component": 0.16470584273338318,
        "Blue Component": 0.21176469326019287,
        "Alpha Component": 1,
        "Color Space": "sRGB"
      },
      "Foreground Color": {
        "Red Component": 0.93725490570068359,
        "Green Component": 0.94117647409439087,
        "Blue Component": 0.92156857252120972,
        "Alpha Component": 1,
        "Color Space": "sRGB"
      },
      "Bold Color": {
        "Red Component": 0.97102361917495728,
        "Green Component": 0.97102349996566772,
        "Blue Component": 0.97102349996566772,
        "Alpha Component": 1,
        "Color Space": "sRGB"
      },
      "Cursor Color": {
        "Red Component": 0.91646724939346313,
        "Green Component": 0.91648870706558228,
        "Blue Component": 0.91647690534591675,
        "Alpha Component": 1,
        "Color Space": "sRGB"
      },
      "Cursor Text Color": {
        "Red Component": 0.15686270594596863,
        "Green Component": 0.16470584273338318,
        "Blue Component": 0.21176469326019287,
        "Alpha Component": 1,
        "Color Space": "sRGB"
      },
      "Selection Color": {
        "Red Component": 0.57319694757461548,
        "Green Component": 0.73586553335189819,
        "Blue Component": 0.81719964742660522,
        "Alpha Component": 1,
        "Color Space": "sRGB"
      },
      "Selected Text Color": {
        "Red Component": 0.0,
        "Green Component": 0.0,
        "Blue Component": 0.0,
        "Alpha Component": 1,
        "Color Space": "sRGB"
      },
      "Ansi 0 Color": {
        "Red Component": 0.0,
        "Green Component": 0.0,
        "Blue Component": 0.0,
        "Alpha Component": 1,
        "Color Space": "sRGB"
      },
      "Ansi 1 Color": {
        "Red Component": 1.0,
        "Green Component": 0.36078426241874695,
        "Blue Component": 0.34117639064788818,
        "Alpha Component": 1,
        "Color Space": "sRGB"
      },
      "Ansi 2 Color": {
        "Red Component": 0.35294127464294434,
        "Green Component": 0.96862751245498657,
        "Blue Component": 0.55686265230178833,
        "Alpha Component": 1,
        "Color Space": "sRGB"
      },
      "Ansi 3 Color": {
        "Red Component": 0.95294123888015747,
        "Green Component": 0.97647064924240112,
        "Blue Component": 0.61568623781204224,
        "Alpha Component": 1,
        "Color Space": "sRGB"
      },
      "Ansi 4 Color": {
        "Red Component": 0.34117650985717773,
        "Green Component": 0.78039222955703735,
        "Blue Component": 0.99999994039535522,
        "Alpha Component": 1,
        "Color Space": "sRGB"
      },
      "Ansi 5 Color": {
        "Red Component": 1.0,
        "Green Component": 0.4156862199306488,
        "Blue Component": 0.75686269998550415,
        "Alpha Component": 1,
        "Color Space": "sRGB"
      },
      "Ansi 6 Color": {
        "Red Component": 0.60392171144485474,
        "Green Component": 0.92941170930862427,
        "Blue Component": 0.99607843160629272,
        "Alpha Component": 1,
        "Color Space": "sRGB"
      },
      "Ansi 7 Color": {
        "Red Component": 0.94509810209274292,
        "Green Component": 0.94509810209274292,
        "Blue Component": 0.94117647409439087,
        "Alpha Component": 1,
        "Color Space": "sRGB"
      },
      "Ansi 8 Color": {
        "Red Component": 0.40784323215484619,
        "Green Component": 0.40784311294555664,
        "Blue Component": 0.40784311294555664,
        "Alpha Component": 1,
        "Color Space": "sRGB"
      },
      "Ansi 9 Color": {
        "Red Component": 1.0,
        "Green Component": 0.36078426241874695,
        "Blue Component": 0.34117639064788818,
        "Alpha Component": 1,
        "Color Space": "sRGB"
      },
      "Ansi 10 Color": {
        "Red Component": 0.35294127464294434,
        "Green Component": 0.96862751245498657,
        "Blue Component": 0.55686265230178833,
        "Alpha Component": 1,
        "Color Space": "sRGB"
      },
      "Ansi 11 Color": {
        "Red Component": 0.95294123888015747,
        "Green Component": 0.97647064924240112,
        "Blue Component": 0.61568623781204224,
        "Alpha Component": 1,
        "Color Space": "sRGB"
      },
      "Ansi 12 Color": {
        "Red Component": 0.34117650985717773,
        "Green Component": 0.78039222955703735,
        "Blue Component": 0.99999994039535522,
        "Alpha Component": 1,
        "Color Space": "sRGB"
      },
      "Ansi 13 Color": {
        "Red Component": 1.0,
        "Green Component": 0.4156862199306488,
        "Blue Component": 0.75686269998550415,
        "Alpha Component": 1,
        "Color Space": "sRGB"
      },
      "Ansi 14 Color": {
        "Red Component": 0.60392171144485474,
        "Green Component": 0.92941170930862427,
        "Blue Component": 0.99607843160629272,
        "Alpha Component": 1,
        "Color Space": "sRGB"
      },
      "Ansi 15 Color": {
        "Red Component": 0.94509810209274292,
        "Green Component": 0.94509810209274292,
        "Blue Component": 0.94117647409439087,
        "Alpha Component": 1,
        "Color Space": "sRGB"
      }
    }
  ]
}
